[
  {
    "wikilink": "https://en.wikipedia.org/wiki/Plutonium",
    "link": "http://nuclearweaponarchive.org/Library/Plutonium/Puingot.jpg",
    "description": "Plutonium is a radioactive chemical element with the symbol Pu and atomic number 94. It is an actinide metal of silvery-gray appearance that tarnishes when exposed to air, and forms a dull coating when oxidized. The element normally exhibits six allotropes and four oxidation states. It reacts with carbon, halogens, nitrogen, silicon, and hydrogen. When exposed to moist air, it forms oxides and hydrides that can expand the sample up to 70% in volume, which in turn flake off as a powder that is pyrophoric. It is radioactive and can accumulate in bones, which makes the handling of plutonium dangerous.",

    "element": "Plutonium",
    "short": "Pu",
    "element_year": "1940",
    "element_discovered_name": "Glenn T. Seaborg",
    "element_group": "Actinide",
    "element_appearance": "Silvery White",
    "element_electrons": "94",
    "element_protons": "94",
    "element_neutron_common": "150",

    "radioactive": "Yes",
    "neutron_cross_sectional": "1017.3 (b)",

    "electrical_type": "Conductor",
    "resistivity": "1.5",
    "resistivity_mult": "0.000001",
    "magnetic_type": "Paramagnetic",
    "superconducting_point": "---",

    "element_atomic_number": "94",
    "element_atomicmass": "244 (u)",
    "element_density": "19.816 (g/cm^3)",
    "element_electronegativty": "1.28",
    "element_block": "f - block",
    "element_shells_electrons": "K2 L8 M18 N32 O24 P8 Q2 R0",
    "element_model": "https://upload.wikimedia.org/wikipedia/commons/thumb/b/bc/Electron_shell_094_Plutonium_-_no_label.svg/800px-Electron_shell_094_Plutonium_-_no_label.svg.png",

    "element_boiling_kelvin": "3505 (K)",
    "element_boiling_celsius": "3228 (°C)",
    "element_boiling_fahrenheit": "5842 (°F)",
    "element_melting_kelvin": "912.5 (K)",
    "element_melting_celsius": "639.4 (°C)",
    "element_melting_fahrenheit": "1182.9 (°F)",

    "element_electron_config": "5f^6, 7s^2",
    "element_ion_charge": "Pu^4+, Pu^6+",
    "element_ionization_energy1": "6.0262 (eV)",
    "element_atomic_radius_e": "175 (pm)",
    "element_atomic_radius": "--- (pm)",
    "element_covalent_radius": "---",
    "element_van_der_waals": "--- (pm)",

    "element_phase": "Solid",
    "element_fusion_heat": "2.82 (kJ/mol)",
    "element_specific_heat_capacity": "0.13 J/(g·K)",
    "element_vaporization_heat": "333.5 (kJ/mol)",

    "oxidation_state_neg": "",
    "oxidation_state_pos": "2 3 4 5 6 7",

    "iso_1": "Pu-235",
    "iso_mass_1": "235.045286",
    "iso_half_1": "25.3 (min)",
    "iso_Z_1": "94",
    "iso_N_1": "141",
    "iso_A_1": "235",

    "iso_2": "Pu-236",
    "iso_mass_2": "236.0460580",
    "iso_half_2": "2.858 (years)",
    "iso_Z_2": "94",
    "iso_N_2": "142",
    "iso_A_2": "236",

    "iso_3": "Pu-237",
    "iso_mass_3": "237.0484097",
    "iso_half_3": "45.2 (days)",
    "iso_Z_3": "94",
    "iso_N_3": "143",
    "iso_A_3": "237",

    "iso_4": "Pu-238",
    "iso_mass_4": "238.0495599",
    "iso_half_4": "87.7 (years)",
    "iso_Z_4": "94",
    "iso_N_4": "144",
    "iso_A_4": "238",

    "iso_5": "Pu-239",
    "iso_mass_5": "239.0521634",
    "iso_half_5": "2.411×10^4 (years)",
    "iso_Z_5": "94",
    "iso_N_5": "145",
    "iso_A_5": "239",

    "iso_6": "Pu-240",
    "iso_mass_6": "240.0538135",
    "iso_half_6": "6.561×10^3 (years)",
    "iso_Z_6": "94",
    "iso_N_6": "146",
    "iso_A_6": "240",

    "iso_7": "Pu-241",
    "iso_mass_7": "241.0568515",
    "iso_half_7": "14.290 (years)",
    "iso_Z_7": "94",
    "iso_N_7": "147",
    "iso_A_7": "241",

    "iso_8": "Pu-242",
    "iso_mass_8": "242.0587426",
    "iso_half_8": "3.75×10^5 (years)",
    "iso_Z_8": "94",
    "iso_N_8": "148",
    "iso_A_8": "242",

    "iso_9": "Pu-243",
    "iso_mass_9": "243.062003",
    "iso_half_9": "4.956 (hours)",
    "iso_Z_9": "94",
    "iso_N_9": "149",
    "iso_A_9": "243",

    "iso_10": "Pu-244",
    "iso_mass_10": "244.064204",
    "iso_half_10": "8.00×10^7 (years)",
    "iso_Z_10": "94",
    "iso_N_10": "150",
    "iso_A_10": "244",

    "iso_11": "Pu-245",
    "iso_mass_11": "245.067747",
    "iso_half_11": "10.5 (hours)",
    "iso_Z_11": "94",
    "iso_N_11": "151",
    "iso_A_11": "245"
  }
]