[
  {
    "wikilink": "https://en.wikipedia.org/wiki/Protactinium",
    "link": "https://upload.wikimedia.org/wikipedia/en/0/05/Protactinium.jpg",
    "description": "Protactinium (formerly protoactinium) is a chemical element with the symbol Pa and atomic number 91. It is a dense, silvery-gray actinide metal which readily reacts with oxygen, water vapor and inorganic acids. It forms various chemical compounds in which protactinium is usually present in the oxidation state +5, but it can also assume +4 and even +3 or +2 states. Concentrations of protactinium in the Earth's crust are typically a few parts per trillion, but may reach up to a few parts per million in some uraninite ore deposits. Because of its scarcity, high radioactivity and high toxicity, there are currently no uses for protactinium outside scientific research, and for this purpose, protactinium is mostly extracted from spent nuclear fuel.",

    "element": "Protactinium",
    "short": "Pa",
    "element_year": "1913",
    "element_discovered_name": "Kasimir Fajans",
    "element_group": "Actinide",
    "element_appearance": "Silvery Metallic Luster",
    "element_electrons": "91",
    "element_protons": "91",
    "element_neutron_common": "140",

    "radioactive": "Yes",
    "neutron_cross_sectional": "200.6 (b)",

    "electrical_type": "Conductor",
    "resistivity": "1.8",
    "resistivity_mult": "0.0000001",
    "magnetic_type": "Paramagnetic",
    "superconducting_point": "1.4",

    "element_atomic_number": "91",
    "element_atomicmass": "231.036 (u)",
    "element_density": "15.37 (g/cm^3)",
    "element_electronegativty": "1.5",
    "element_block": "f - block",
    "element_shells_electrons": "K2 L8 M18 N32 O20 P9 Q2 R0",
    "element_model": "https://upload.wikimedia.org/wikipedia/commons/thumb/2/2f/Electron_shell_091_Protactinium_-_no_label.svg/800px-Electron_shell_091_Protactinium_-_no_label.svg.png",

    "element_boiling_kelvin": "4300 (K)",
    "element_boiling_celsius": "4027 (°C)",
    "element_boiling_fahrenheit": "7280 (°F)",
    "element_melting_kelvin": "1841 (K)",
    "element_melting_celsius": "1568 (°C)",
    "element_melting_fahrenheit": "2854 (°F)",

    "element_electron_config": "5f^2, 6d^1, 7s^2",
    "element_ion_charge": "Pa^5+, Pa^4+",
    "element_ionization_energy1": "5.89 (eV)",
    "element_atomic_radius_e": "180 (pm)",
    "element_atomic_radius": "--- (pm)",
    "element_covalent_radius": "---",
    "element_van_der_waals": "--- (pm)",

    "element_phase": "Solid",
    "element_fusion_heat": "12.34 (kJ/mol)",
    "element_specific_heat_capacity": "--- J/(g·K)",
    "element_vaporization_heat": "481 (kJ/mol)",

    "oxidation_state_neg": "",
    "oxidation_state_pos": "3 4 5",

    "iso_1": "Pa-227",
    "iso_mass_1": "227.028805",
    "iso_half_1": "38.3 (min)",
    "iso_Z_1": "91",
    "iso_N_1": "136",
    "iso_A_1": "227",

    "iso_2": "Pa-228",
    "iso_mass_2": "228.031051",
    "iso_half_2": "22 (hours)",
    "iso_Z_2": "91",
    "iso_N_2": "137",
    "iso_A_2": "228",

    "iso_3": "Pa-229",
    "iso_mass_3": "229.0320968",
    "iso_half_3": "1.50 (days)",
    "iso_Z_3": "91",
    "iso_N_3": "138",
    "iso_A_3": "229",

    "iso_4": "Pa-230",
    "iso_mass_4": "230.034541",
    "iso_half_4": "17.4 (days)",
    "iso_Z_4": "91",
    "iso_N_4": "139",
    "iso_A_4": "230",

    "iso_5": "Pa-231",
    "iso_mass_5": "231.0358840",
    "iso_half_5": "3.276×10^4 (years)",
    "iso_Z_5": "91",
    "iso_N_5": "140",
    "iso_A_5": "231",

    "iso_6": "Pa-232",
    "iso_mass_6": "232.038592",
    "iso_half_6": "1.31 (days)",
    "iso_Z_6": "91",
    "iso_N_6": "141",
    "iso_A_6": "132"
  }
]