[
  {
    "wikilink": "https://en.wikipedia.org/wiki/Uranium",
    "link": "https://upload.wikimedia.org/wikipedia/commons/thumb/d/d8/HEUraniumC.jpg/800px-HEUraniumC.jpg",
    "description": "Uranium is a chemical element with the symbol U and atomic number 92. It is a silvery-grey metal in the actinide series of the periodic table. A uranium atom has 92 protons and 92 electrons, of which 6 are valence electrons. Uranium is weakly radioactive because all isotopes of uranium are unstable; the half-lives of its naturally occurring isotopes range between 159,200 years and 4.5 billion years. The most common isotopes in natural uranium are uranium-238 (which has 146 neutrons and accounts for over 99% of uranium on Earth) and uranium-235 (which has 143 neutrons). Uranium has the highest atomic weight of the primordially occurring elements. Its density is about 70% higher than that of lead, and slightly lower than that of gold or tungsten. It occurs naturally in low concentrations of a few parts per million in soil, rock and water, and is commercially extracted from uranium-bearing minerals such as uraninite.",

    "element": "Uranium",
    "short": "U",
    "element_year": "1789",
    "element_discovered_name": "Martin Heinrich Klaproth",
    "element_group": "Actinide",
    "element_appearance": "Silvery Gray Metallic",
    "element_electrons": "92",
    "element_protons": "92",
    "element_neutron_common": "146",

    "radioactive": "Yes",
    "neutron_cross_sectional": "7.57 (b)",

    "electrical_type": "Conductor",
    "resistivity": "2.8",
    "resistivity_mult": "0.0000001",
    "magnetic_type": "Paramagnetic",
    "superconducting_point": "0.68",

    "element_atomic_number": "92",
    "element_atomicmass": "238.028 (u)",
    "element_density": "19.1 (g/cm^3)",
    "element_electronegativty": "1.38",
    "element_block": "f - block",
    "element_shells_electrons": "K2 L8 M18 N32 O21 P9 Q2 R0",
    "element_model": "https://upload.wikimedia.org/wikipedia/commons/thumb/4/40/Electron_shell_092_Uranium_-_no_label.svg/800px-Electron_shell_092_Uranium_-_no_label.svg.png",

    "element_boiling_kelvin": "4404 (K)",
    "element_boiling_celsius": "4131 (°C)",
    "element_boiling_fahrenheit": "7468 (°F)",
    "element_melting_kelvin": "1405.3 (K)",
    "element_melting_celsius": "1132.2 (°C)",
    "element_melting_fahrenheit": "2070 (°F)",

    "element_electron_config": "5f^3, 6d^1, 7s^2",
    "element_ion_charge": "U^6+, U^4+",
    "element_ionization_energy1": "6.19405 (eV)",
    "element_atomic_radius_e": "175 (pm)",
    "element_atomic_radius": "--- (pm)",
    "element_covalent_radius": "---",
    "element_van_der_waals": "186 (pm)",

    "element_phase": "Solid",
    "element_fusion_heat": "9.14 (kJ/mol)",
    "element_specific_heat_capacity": "0.12 J/(g·K)",
    "element_vaporization_heat": "417.1 (kJ/mol)",

    "oxidation_state_neg": "",
    "oxidation_state_pos": "1 2 3 4 5 6",

    "iso_1": "U-231",
    "iso_mass_1": "231.036294",
    "iso_half_1": "4.2 (days)",
    "iso_Z_1": "92",
    "iso_N_1": "139",
    "iso_A_1": "231",

    "iso_2": "U-232",
    "iso_mass_2": "232.0371562",
    "iso_half_2": "68.9 (years)",
    "iso_Z_2": "92",
    "iso_N_2": "140",
    "iso_A_2": "232",

    "iso_3": "U-233",
    "iso_mass_3": "233.0396352",
    "iso_half_3": "1.592×10^5 (years)",
    "iso_Z_3": "92",
    "iso_N_3": "141",
    "iso_A_3": "233",

    "iso_4": "U-234",
    "iso_mass_4": "234.0409521",
    "iso_half_4": "2.455×10^5 (days)",
    "iso_Z_4": "92",
    "iso_N_4": "142",
    "iso_A_4": "234",

    "iso_5": "U-235",
    "iso_mass_5": "235.0439299",
    "iso_half_5": "7.04×10^8 (years)",
    "iso_Z_5": "92",
    "iso_N_5": "143",
    "iso_A_5": "235",

    "iso_6": "U-236",
    "iso_mass_6": "236.045568",
    "iso_half_6": "2.342×10^7 (years)",
    "iso_Z_6": "92",
    "iso_N_6": "144",
    "iso_A_6": "236",

    "iso_7": "U-237",
    "iso_mass_7": "237.0487302",
    "iso_half_7": "6.75 (days)",
    "iso_Z_7": "92",
    "iso_N_7": "145",
    "iso_A_7": "237",

    "iso_8": "U-238",
    "iso_mass_8": "238.0507882",
    "iso_half_8": "4.468×10^9 (years)",
    "iso_Z_8": "92",
    "iso_N_8": "146",
    "iso_A_8": "238",

    "iso_9": "U-239",
    "iso_mass_9": "239.0542933",
    "iso_half_9": "23.45 (min)",
    "iso_Z_9": "92",
    "iso_N_9": "137",
    "iso_A_9": "239",

    "iso_10": "U-240",
    "iso_mass_10": "240.056592",
    "iso_half_10": "14.1 (hours)",
    "iso_Z_10": "92",
    "iso_N_10": "138",
    "iso_A_10": "240"
  }
]